first_name,last_name
John,Doe
Jane,Smith
Michael,Johnson
Emily,Williams
David,Brown
Olivia,Jones
William,Miller
Emma,Davis
Liam,Garcia
Sophia,Rodriguez
James,Martinez
Ava,Hernandez
Alexander,Lopez
Mia,Gonzalez
Benjamin,Perez
Isabella,Williams
Henry,Turner
Amelia,Scott
Daniel,Hall
Harper,Young
Elijah,Wright
Evelyn,King
Jacob,Collins
Grace,Campbell
Ella,Murphy
Jackson,Flores
Avery,Morgan
Luna,Bell
Logan,Fisher
Scarlett,Cooper
Lucas,Morris
Chloe,Stewart
Mateo,Bailey
Lily,Rivera
Ethan,Long
Abigail,Foster
Jayden,Reed
Nora,Ramirez
Carter,Harrison
Sofia,Evans
Leo,Kelly
Riley,Russell
Zoe,Watson
Luke,Hill
Anna,Reynolds
Leo,Knight
Aria,Hawkins
